name_raw,name_norm,super_class,price
БУЛГУР 3 кг. Агро-Альянс,булгур агро альянс,staples.bulgur,452.25
ГОРОХ колотый шлифованный 900 гр. Каскад,горох колотый шлифованный каскад,vegetables.peas,74.33
ГРЕЧА ядрица Элитная 3 кг. Агро-Альянс,греча ядрица элитная агро альянс,staples.гречка,265.49
ГРЕЧКА ядрица 900 гр. Колобок,гречка ядрица колобок,staples.гречка,62.44
МАНКА 800 гр. Колобок,манка колобок,staples.semolina,55.62
ПШЕНО Экстра 900 гр. Агро-Альянс,пшено экстра агро альянс,staples.пшено,85.39
РИС длиннозерный пропаренный 900 гр. Колобок,рис длиннозерный пропаренный колобок,staples.рис,123.93
РИС для суши 25 кг. HANSEY,рис для суши hansey,staples.рис,3048.0
РИС жасмин экстра 3 кг. Агро-Альянс,рис жасмин экстра агро альянс,staples.рис,645.96
РИС круглозерный (для суши) 1 сорт ГОСТ 25 кг. Агро-Альянс,рис круглозерный для суши сорт агро альянс,staples.рис,3273.75
РИС круглозерный (для суши) в/с 25 кг. Агро-Альянс,рис круглозерный для суши агро альянс,staples.рис,3341.25
"РИС пропаренный золотистый 1,5 кг. Агро-Альянс",рис пропаренный золотистый агро альянс,staples.рис,230.36
РИС супер басмати 3 кг. Агро-Альянс,рис супер басмати агро альянс,staples.рис,848.6
РИС шлифованный 25 кг. SHINAKI,рис шлифованный shinaki,staples.рис,3238.5
РИС шлифованный №8 ГОСТ 25 кг. Tamaki,рис шлифованный tamaki,staples.рис,2816.86
GRANOLIVA Масло оливковое рафинированное ПОМАС 1л ПЭТ,granoliva масло оливковое рафинированное помас пэт,staples.масло.оливковое,500.44
"МАСЛО Кунжутное 1,8 л. BG",масло кунжутное bg,other,908.5
"МАСЛО кунжутное 1,8 л. REAL TANG",масло кунжутное real tang,other,1076.4
МАСЛО подсолнечное рафинированное 1 л. Sunny Gold,масло подсолнечное рафинированное sunny gold,staples.масло.подсолнечное,163.13
МАСЛО подсолнечное рафинированное 5 л. Sunny Gold,масло подсолнечное рафинированное sunny gold,staples.масло.подсолнечное,768.76
МАСЛО подсолнечное рафинированное дезодорированное вымороженное фритюрное 5 л. SolPro,масло подсолнечное рафинированное дезодорированное вымороженное фритюрное solpro,staples.масло.подсолнечное,760.05
МАСЛО подсолнечное рафинированное дезодорированное фритюрное 5 л. IFry,масло подсолнечное рафинированное дезодорированное фритюрное ifry,staples.масло.подсолнечное,831.25
МАСЛО тыквенное из Штирии 500 мл. KOTANYI Gourmet,масло тыквенное из штирии kotanyi gourmet,other,2070.09
МАСЛО фритюрное  5 л. Sunny Gold,масло фритюрное sunny gold,other,862.5
"МАСЛО фритюрное растительное ВЕГАФРАЙ_05 7,5 л. Cargill",масло фритюрное растительное вегафрай_05 cargill,condiments.oil.vegetable,1396.88
СПРЕЙ для жарки и выпекания 500 гр. KOTANYI,спрей для жарки выпекания kotanyi,other,725.49
ГОРЧИЦА дижонская ст/б 270 гр. Бастион,горчица дижонская ст бастион,condiments.mustard,70.15
ГОРЧИЦА зернистая ведро 1 кг. UNI DAN,горчица зернистая ведро uni dan,condiments.mustard,164.77
ГОРЧИЦА зернистая ст/б 270 гр. UNI DAN,горчица зернистая ст uni dan,condiments.mustard,81.03
ГОРЧИЦА русская ведро 1 кг. Бастион,горчица русская ведро бастион,condiments.mustard,149.93
"ГОРЧИЦА сладкая MILD 1,1 кг. PROVIL S.A.",горчица сладкая mild provil,condiments.mustard,868.73
ЗАПРАВКА для салата 470 мл. Tamaki,заправка для салата tamaki,other,231.11
КЕТЧУП томатный классический 900 гр. Царский,кетчуп томатный классический царский,condiments.ketchup,161.24
КЕТЧУП томатный классический ведро 10 кг. Царский,кетчуп томатный классический ведро царский,condiments.ketchup,1268.75
КЕТЧУП томатный пакет 1 кг. PIKADOR PRO,кетчуп томатный пакет pikador pro,condiments.ketchup,199.2
КРЕМ-СОУС бальзамический классический п/б 500 мл. KOTANYI,крем соус бальзамический классический kotanyi,condiments.sauce,791.79
МАЙОНЕЗ домашний 25% 5 кг. Hellmann`s,майонез домашний 25 hellmann,condiments.mayonnaise,1073.37
МАЙОНЕЗ настоящий 78% 5 л. Hellmann`s,майонез настоящий 78 hellmann,condiments.mayonnaise,1921.41
МАЙОНЕЗ Провансаль для запекания 67% ведро 10 л. Solpro,майонез провансаль для запекания 67 ведро solpro,condiments.mayonnaise,1794.0
МАЙОНЕЗ Провансаль классический 55% ведро 10 л. Solpro,майонез провансаль классический 55 ведро solpro,condiments.mayonnaise,1706.9
"МАЙОНЕЗ Провансаль классический 60% ведро 9,7 кг. Solpro",майонез провансаль классический 60 ведро solpro,condiments.mayonnaise,1825.2
МАЙОНЕЗ Провансаль классический 67% ведро 3 л. Solpro,майонез провансаль классический 67 ведро solpro,condiments.mayonnaise,578.5
"МАЙОНЕЗ Провансаль классический 67% ведро 9,6 кг. Solpro",майонез провансаль классический 67 ведро solpro,condiments.mayonnaise,1786.2
МАЙОНЕЗ Провансаль классический 67% ведро 9.4 кг. (10л) Solpro GOLDEN QUALITY,майонез провансаль классический 67 ведро solpro golden quality,condiments.mayonnaise,1926.2
"МАЙОНЕЗ Провансаль классический 78% ведро 5,3 л. Solpro",майонез провансаль классический 78 ведро solpro,condiments.mayonnaise,1170.0
ПАСТА томатная 25% ТУ 5 кг.,паста томатная 25 ту,condiments.tomato_paste,866.81
ПАСТА томатная 28% ж/б 820 гр. Кanz,паста томатная 28 кanz,condiments.tomato_paste,210.7
"ПАСТА томатная 30% ж/б 2,2 кг. Помидорка",паста томатная 30 помидорка,condiments.tomato_paste,781.7
ПАСТА томатная ж/б 770 гр. Помидорка,паста томатная помидорка,condiments.tomato_paste,293.64
"РЕЛИШ из корнишонов 1,05 кг. PROVIL S.A.",релиш из корнишонов provil,other,841.52
СОУС ананасовый с перцем чили 470 мл. Tamaki,соус ананасовый перцем чили tamaki,condiments.sauce,214.17
СОУС бальзамический 470 мл. Tamaki,соус бальзамический tamaki,condiments.sauce,179.08
СОУС Барбекю 1 кг. Hellmann`s,соус барбекю hellmann,condiments.sauce,466.2
СОУС Барбекю 1 кг. Tamaki,соус барбекю tamaki,condiments.sauce,315.81
СОУС Барбекю 1 кг. Россия Got2Eat,соус барбекю россия got2eat,condiments.sauce,233.53
"СОУС Барбекю Америка 2,3 кг. PROVIL S.A.",соус барбекю америка provil,condiments.sauce,1358.96
"СОУС Барбекю копченый 2,3 кг. PROVIL S.A.",соус барбекю копченый provil,condiments.sauce,1318.59
"СОУС Бонито 1,8 кг. Kingzest",соус бонито kingzest,condiments.sauce,2258.85
СОУС Бургер Гриль 1 кг. Hellmann`s,соус бургер гриль hellmann,condiments.sauce,832.5
СОУС Ворчестер 740 гр. PROVIL S.A.,соус ворчестер provil,condiments.sauce,824.85
СОУС Голландез Hollandaise 1 кг. PROVIL S.A.,соус голландез hollandaise provil,condiments.sauce,1602.9
"СОУС грибной соевый 1,8 л. ТяньХэ QIANHE",соус грибной соевый тяньхэ qianhe,condiments.sauce.soy,490.05
СОУС гриль на основе растительных масел 1 кг. Tamaki,соус гриль на основе растительных масел tamaki,condiments.sauce,425.92
СОУС деликатесный Барбекью острый дип-пот 25 мл*125 шт. PIKADOR,соус деликатесный барбекью острый дип пот 125 шт pikador,condiments.sauce,1200.6
СОУС деликатесный Барбекю балк 1 кг. PIKADOR PRO,соус деликатесный барбекю балк pikador pro,condiments.sauce,212.21
СОУС деликатесный кисло-сладкий Чили дип-пот 25 мл*125 шт. PIKADOR,соус деликатесный кисло сладкий чили дип пот 125 шт pikador,condiments.sauce,1200.6
СОУС для шаурмы 1 кг. Tamaki,соус для шаурмы tamaki,condiments.sauce,398.09
СОУС из черных соевых бобов 280 гр. Lao Gan Ma,соус из черных соевых бобов lao gan ma,condiments.sauce.soy,234.0
"СОУС Карри 2,3 кг. PROVIL S.A.",соус карри provil,condiments.sauce,1385.87
СОУС карри с ананасом 470 мл. Tamaki,соус карри ананасом tamaki,condiments.sauce,265.5
"СОУС Кимчи 1,5 л. GENSO Asian style",соус кимчи genso asian style,condiments.sauce,508.71
"СОУС Кимчи 1,5 л. Tamaki",соус кимчи tamaki,condiments.sauce,410.64
"СОУС Кимчи 1,8 л. BG",соус кимчи bg,condiments.sauce,778.8
"СОУС Кимчи 1,8 л. PEARL RIVER BRIDGE",соус кимчи pearl river bridge,condiments.sauce,771.01
"СОУС Кимчи 1,8 л. Tamaki",соус кимчи tamaki,condiments.sauce,757.56
СОУС кисло-сладкий 1 кг. Tamaki,соус кисло сладкий tamaki,condiments.sauce,379.94
СОУС Лемонграсс Таиланд 285 гр. Chang,соус лемонграсс таиланд chang,condiments.sauce,176.68
СОУС майонезный Легкий 30% 10 кг. SolPro,соус майонезный легкий 30 solpro,condiments.sauce,1614.6
СОУС Манго с перцем чили 470 гр. Tamaki,соус манго перцем чили tamaki,condiments.sauce,255.31
СОУС Манго Чили 850 гр. Genso,соус манго чили genso,condiments.sauce,579.86
СОУС маринад шашлычный 470 мл. Tamaki,соус маринад шашлычный tamaki,condiments.sauce,199.65
СОУС медово-горчичный 1 кг. Hellmann`s,соус медово горчичный hellmann,condiments.sauce,510.6
СОУС медово-горчичный 470 мл. Tamaki,соус медово горчичный tamaki,condiments.sauce,220.22
"СОУС Мексиканский 2,2 кг. PROVIL S.A.",соус мексиканский provil,condiments.sauce,1634.49
СОУС на основе растительных масел горчично-медовый дип-пот 25 мл*125 шт. PIKADOR,соус на основе растительных масел горчично медовый дип пот 125 шт pikador,condiments.sauce,1200.6
СОУС на основе растительных масел Луковый 470 мл. Tamaki,соус на основе растительных масел луковый tamaki,condiments.sauce.onion,187.55
СОУС на основе растительных масел сырный с Халапеньо дип-пот 25 мл*125 шт. PIKADOR,соус на основе растительных масел сырный халапеньо дип пот 125 шт pikador,condiments.sauce,1200.6
СОУС ореховый на основе растительных масел 470 мл. Tamaki,соус ореховый на основе растительных масел tamaki,condiments.sauce,201.78
"СОУС ореховый на основе растительных масел Pro 1,5 л. Tamaki",соус ореховый на основе растительных масел pro tamaki,condiments.sauce,730.42
СОУС острый с хрустящим перцем чили 210 гр. Lao Gan Ma,соус острый хрустящим перцем чили lao gan ma,condiments.sauce,193.6
"СОУС Пад Тай 1,2 кг. Thai Chef",соус пад тай thai chef,condiments.sauce,544.5
"СОУС Перечный 2,3 кг. Kingzest",соус перечный kingzest,condiments.sauce,2344.32
"СОУС песто ""Pesto alla Genovese"" 190 гр. FEDERICI",соус песто pesto alla genovese federici,condiments.sauce,368.93
СОУС Поке 470 мл. Tamaki,соус поке tamaki,condiments.sauce,246.84
СОУС Понзу 1 кг. PADAM,соус понзу padam,condiments.sauce,843.02
СОУС Релиш с огурцами и горчицей ст/б 350 гр. Kuhne,соус релиш огурцами горчицей ст kuhne,condiments.sauce,375.64
СОУС Ремулад 1 кг. Hellmann`s,соус ремулад hellmann,condiments.sauce,627.15
СОУС рисовый Мирин 1 л. ToDoFood,соус рисовый мирин todofood,condiments.sauce,146.25
СОУС рисовый Мирин 18 л. PADAM,соус рисовый мирин padam,condiments.sauce,2594.96
"СОУС сладкий чили для курицы 1,8 л. Tamaki",соус сладкий чили для курицы tamaki,condiments.sauce,508.2
СОУС сладкий чили Россия 1 кг. GOT2EAT,соус сладкий чили россия got2eat,condiments.sauce,235.97
СОУС со вкусом лемонграсса 470 мл. Tamaki,соус со вкусом лемонграсса tamaki,condiments.sauce,200.86
"СОУС соевый 1,9 л. PADAM",соус соевый padam,condiments.sauce.soy,291.75
СОУС соевый 18 л. PADAM,соус соевый padam,condiments.sauce.soy,2795.0
"СОУС соевый 18,9 л. PRB",соус соевый prb,condiments.sauce.soy,4323.38
СОУС соевый Premium 18 л. PADAM,соус соевый premium padam,condiments.sauce.soy,3056.59
СОУС соевый Pro 20 л. Tamaki,соус соевый pro tamaki,condiments.sauce.soy,2220.4
СОУС соевый Pro 20 л. Tamaki ПЭ,соус соевый pro tamaki пэ,condiments.sauce.soy,2220.4
СОУС соевый SUPERIOR 8 л. PRB,соус соевый superior prb,condiments.sauce.soy,1380.0
СОУС соевый порционный 30 гр.,соус соевый порционный,condiments.sauce.soy,9.75
СОУС соевый порционный Black 30 гр.,соус соевый порционный black,condiments.sauce.soy,8.45
"СОУС соевый темный супериор 1,8 л. PRB",соус соевый темный супериор prb,condiments.sauce.soy,421.25
СОУС Спайси 470 мл. Tamaki,соус спайси tamaki,condiments.sauce,198.24
СОУС сырный 1 кг. Россия Got2Eat,соус сырный россия got2eat,condiments.sauce,343.64
СОУС сырный 470 мл. Tamaki,соус сырный tamaki,condiments.sauce,197.23
СОУС сырный на основе растительных масел пакет 1 кг. PIKADOR PRO,соус сырный на основе растительных масел пакет pikador pro,condiments.sauce,288.0
СОУС сырный Чеддер Sandwich Creams 2 кг. PROVIL S.A.,соус сырный чеддер sandwich creams provil,condiments.sauce,1638.0
"СОУС Терияки 1,5 л. GENSO",соус терияки genso,condiments.sauce,339.84
"СОУС Терияки 1,5 л. GENSO",соус терияки genso,condiments.sauce,368.16
"СОУС Терияки 1,5 л. Tamaki",соус терияки tamaki,condiments.sauce,326.86
"СОУС Терияки 1,8 л. BG",соус терияки bg,condiments.sauce,744.15
"СОУС Терияки 1,8 л. Tamaki",соус терияки tamaki,condiments.sauce,548.7
СОУС Терияки 470 мл. Tamaki,соус терияки tamaki,condiments.sauce,179.36
"СОУС Терияки для глазировки 1,8 л. PEARL RIVER BRIDGE",соус терияки для глазировки pearl river bridge,condiments.sauce,613.84
"СОУС томатный для Пиццы 4,1 кг. PIKADOR PRO",соус томатный для пиццы pikador pro,condiments.sauce.tomato,997.2
"СОУС томатный для пиццы Классический 4,1 кг. Pomi",соус томатный для пиццы классический pomi,condiments.sauce.tomato,1360.27
"СОУС Унаги 1,5 л. GENSO",соус унаги genso,condiments.sauce,338.66
"СОУС Унаги 1,5 л. GENSO",соус унаги genso,condiments.sauce,354.0
"СОУС Унаги 1,8 л. BG",соус унаги bg,condiments.sauce,744.15
"СОУС Унаги 1,8 л. PRB",соус унаги prb,condiments.sauce,613.84
СОУС Унаги 470 мл. Tamaki,соус унаги tamaki,condiments.sauce,193.52
СОУС устричный 1 л. Tamaki,соус устричный tamaki,condiments.sauce,319.78
"СОУС устричный 2,4 кг. PEARL RIVER BRIDGE",соус устричный pearl river bridge,condiments.sauce,522.72
СОУС устричный 510 гр. PEARL RIVER BRIDGE,соус устричный pearl river bridge,condiments.sauce,179.08
СОУС Халапеньо 470 мл. Tamaki,соус халапеньо tamaki,condiments.sauce,134.52
СОУС Хойсин 1 л.,соус хойсин,condiments.sauce,588.61
"СОУС Хойсин 2,20 кг. PRB",соус хойсин prb,condiments.sauce,559.02
СОУС чёрно-перечный 1.5 л. Asian Style Genso,соус черно перечный asian style genso,condiments.sauce,380.46
"СОУС чёрно-перечный Тайланд 2,3 кг. GENSO",соус черно перечный тайланд genso,condiments.sauce,1387.68
СОУС Черный перец 470 мл. Tamaki,соус черный перец tamaki,condiments.sauce,157.3
СОУС чесночный пакет 1 кг. PIKADOR PRO,соус чесночный пакет pikador pro,condiments.sauce,288.0
СОУС чесночный Ранч на основе растительных масел 1 кг. Tamaki,соус чесночный ранч на основе растительных масел tamaki,condiments.sauce,419.87
СОУС Чесночный Ранч на основе растительных масел 470 мл. Tamaki,соус чесночный ранч на основе растительных масел tamaki,condiments.sauce,203.28
СОУС чили с чесноком 240 гр. PRB,соус чили чесноком prb,condiments.sauce,157.3
СОУС Чили сладкий для курицы 1 л. Samui,соус чили сладкий для курицы samui,condiments.sauce,315.81
"СОУС Чили сладкий для курицы 4,5 л. Samui",соус чили сладкий для курицы samui,condiments.sauce,1282.6
СОУС Шрирача 1 л. Tamaki,соус шрирача tamaki,condiments.sauce,354.53
СОУС Шрирача 475 гр. Uni-Eagle,соус шрирача uni eagle,condiments.sauce,235.2
СОУС Шрирача с дозатором 230 гр. Uni-Eagle,соус шрирача дозатором uni eagle,condiments.sauce,156.09
СОУС Шрирача с дозатором 815 гр. Uni-Eagle,соус шрирача дозатором uni eagle,condiments.sauce,385.99
СОУС Юдзу 470 мл. Tamaki,соус юдзу tamaki,condiments.sauce,181.5
УКСУС рисовый тёмный большой выдержки (3 года) 480 мл. ст/бут LONG MEN,уксус рисовый темный большой выдержки года ст бут long men,staples.рис,254.1
ХРЕН сливочный ст/б 250 гр. Kuhne,хрен сливочный ст kuhne,other,375.64
ХРЕН столовый ведро 1 кг. Бастион,хрен столовый ведро бастион,other,258.41
АЗИАТСКАЯ СМЕСЬ трав п/б 136 гр. KOTANY,азиатская смесь трав kotany,other,448.48
АНИС звездчатый 70 гр. KOTANYI,анис звездчатый kotanyi,other,494.58
БАДЬЯН целый пакет 1 кг. SpicеExpert,бадьян целый пакет spicеexpert,other,2751.25
БАЗИЛИК 180 гр. KOTANYI,базилик kotanyi,vegetables.базилик,512.3
БУЛЬОН концентрированный жидкий куриный 1 кг. Kingzest,бульон концентрированный жидкий куриный kingzest,condiments.broth,2571.87
БУЛЬОН рыбный концентрат Хондаши 1 кг. Китай,бульон рыбный концентрат хондаши китай,condiments.broth,494.5
БУЛЬОН рыбный концентрат Хондаши 1 кг. Китай,бульон рыбный концентрат хондаши китай,condiments.broth,454.25
БУМАГА рисовая бумага круглая Вьетнам 500 гр. KEKESHI,бумага рисовая бумага круглая вьетнам kekeshi,staples.рис,333.57
ВАНИЛИН пакет 1 кг. SpiceExpert,ванилин пакет spiceexpert,condiments.spice,516.25
ВАСАБИ 1 кг. FUMIKO Premium,васаби fumiko premium,other,554.6
ВАСАБИ 1кг. RISMA,васаби risma,other,519.2
ВАСАБИ зеленая 1 кг. OSHI,васаби зеленая oshi,other,274.5
ВАСАБИ красный STANDART 20% 1 кг. OSHI,васаби красный standart 20 oshi,other,286.7
ВАСАБИ порошок 2 кг. Tamaki,васаби порошок tamaki,condiments.powder,975.86
ВАСАБИ порционный 5 гр.,васаби порционный,other,5.94
ГАЛАНГАЛ сушеный (резаный) Таиланд 100 гр. GENSO,галангал сушеный резаный таиланд genso,other,203.74
ГВОЗДИКА целая пакет 500 гр. SpicеExpert,гвоздика целая пакет spicеexpert,other,1686.25
ГЛУТАМАТ натрия 454 гр. PRB,глутамат натрия prb,other,140.3
ГРИБЫ древесные сушеные Муэр Китай 25 гр*10 шт. NARUMA,грибы древесные сушеные муэр китай 10 шт naruma,vegetables.mushrooms,595.32
ГРИБЫ Намеко 400 гр. NTOJ,грибы намеко ntoj,vegetables.mushrooms,302.5
ГРИБЫ сушеные Шиитаке 250 гр. Китай,грибы сушеные шиитаке китай,vegetables.mushrooms,477.95
ГРИБЫ сушеные Шиитаке Китай 250 гр. GENSO,грибы сушеные шиитаке китай genso,vegetables.mushrooms,465.85
ГРИБЫ Цао Гу для супа Том Ям 800 гр. AMTHAI,грибы цао гу для супа том ям amthai,vegetables.mushrooms,239.58
ЖЕЛАТИН пакет 1 кг. SpicеExpert,желатин пакет spicеexpert,other,2143.75
КАКАО порошок 1 кг. SpicExpert,какао порошок spicexpert,condiments.spice,1987.5
КАРДАМОН молотый п/б 159 гр. KOTANYI,кардамон молотый kotanyi,other,897.75
КАФФИР-ЛАЙМ листья сушеные Тайланд 100 гр. GENSO,каффир лайм листья сушеные тайланд genso,fruits.лайм,524.87
КОКОСОВАЯ СТРУЖКА медиум 1 кг. Суприм,кокосовая стружка медиум суприм,other,562.5
КОКОСОВАЯ СТРУЖКА Файн 1 кг. Суприм,кокосовая стружка файн суприм,other,606.25
КОРИАНДР молотый банка 350 гр. SpicеExpert,кориандр молотый банка spicеexpert,other,128.1
КОРИАНДР молотый банка 460 гр. KOTANYI,кориандр молотый банка kotanyi,other,594.55
КОРИАНДР целый банка 380 гр. KOTANYI,кориандр целый банка kotanyi,other,581.53
КОРИЦА молотая 600 гр. KOTANYI,корица молотая kotanyi,other,868.78
КОРИЦА молотая в банке 400 гр. SpicеExpert,корица молотая банке spicеexpert,other,275.72
КОРИЦА палочки 350 гр. KOTANYI,корица палочки kotanyi,other,1167.66
КОРИЦА палочки пакет 1 кг. SpicеExpert,корица палочки пакет spicеexpert,other,1833.0
КРАХМАЛ картофельный пакет 1 кг. SpicеExpert,крахмал картофельный пакет spicеexpert,vegetables.картофель,396.25
КРАХМАЛ кукурузный 1 кг. SpiceExpert,крахмал кукурузный spiceexpert,condiments.spice,182.0
КРАХМАЛ кукурузный 500 гр.*6 шт. Mondamin,крахмал кукурузный шт mondamin,other,1812.63
КУМИН семена банка 450 гр. SpiceExpert,кумин семена банка spiceexpert,condiments.spice,693.75
КУРКУМА молотая в банке 500 гр. SpicеExpert,куркума молотая банке spicеexpert,other,300.3
ЛУК жареный измельченный пакет 1 кг. KOTANYI,лук жареный измельченный пакет kotanyi,vegetables.лук,782.16
ОРЕГАНО измельченный 135 гр. KOTANYI,орегано измельченный kotanyi,other,685.65
ОРЕГАНО пакет 1 кг. SpiceExpert,орегано пакет spiceexpert,condiments.spice,599.02
ОРЕХ мускатный молотый 170 гр. KOTANYI,орех мускатный молотый kotanyi,other,1288.79
ОРЕХ Мускатный целый банка 300 гр. SpiceExpert,орех мускатный целый банка spiceexpert,condiments.spice,844.24
